Blog Name,Tags,Note_Count
xomodelmelissa,"['eco', 'ecofashion', 'plantatree', 'vegan']",0
christinelovespaleo,"['vegan', 'foodphotography', 'ichristineme', 'dairyfree', 'glutenfree', 'noaddedsugar', 'inmygarden', 'liquidlunch', 'smoothie', 'drink', 'paleo', 'natural', 'refinedsugarfree', 'greensmoothie', 'healthy']",0
hikinghippiehemps,"['hippie', 'crystalhealing', 'yoga', 'vegan', 'crystals', 'lapislazuli', 'hempjewelry', 'hemp', 'handmade', 'shopsmall', 'yogi', 'hippy', 'smallbusiness', 'healing']",0
laurensveganuniversity,"['vegan', 'veganlife', 'friendsnotfood', 'vegetarian', 'healthy', 'veganism', 'veganlove', 'vegansofinstagram', 'vegans of tumblr', 'plantbased', 'vegano', 'rawfood', 'vegans']",0
yellowpaintedlife,"['pasta', 'vegan']",0
mollyrosebalms,"['vegan', 'holiday', 'presents', 'holidays', 'christmasshopping', 'christmasgiftguide', 'onlineshopping', 'veganholiday', 'sale', 'holidaygiftguide', 'shopping', 'beauty', 'gifts', 'veganchristmas', 'pumpkinpie', 'christmas', 'holidaygifts', 'crueltyfree', 'veganthanksgiving', 'thanksgiving', 'natural', 'organic', 'gift', 'shopsmall', 'xmas', 'lipbalm', 'coupon', 'christmasgiftideas']",0
vegankween,"['vegan', 'personal', 'V MAD', 'veganism']",9
iscreamnails,"['nailart', 'vegan', 'nailpolish', 'nails', 'iscreamnails', 'crueltyfree', 'notd']",1
healthyanddelish,"['vegan omelette', 'chickpea flour', 'vegan protein', 'vegan', 'delish']",0
dreamstreamss,"['vegan', 'i need vegan friends']",0
sweetsimplevegan,"['veganburger', 'bestofvegan', 'sweetsimplevegan', 'vegan', 'veganfoodshare']",2
runningonsmoothies,"['my food', 'vegan', 'my workouts', 'larsonland', 'minnah', 'hopper']",8
misskreatorblog,"['repost', 'idigitaldetoxisoverdueagain', 'backtoreallife', 'vegan', 'sorrynoquote', 'kreator']",0
magpiemirror-blog,"['keepitreal', 'veganfoodshare', 'vegan', 'lazycook', 'producebox', 'plantbased', 'veganfortheanimals', 'farmersmarket', 'veganofig', 'durhamfarmersmarket', 'keepitsimple', 'plantshaveprotein']",0
galanyancy,"['vmotd', 'vegan', 'vegatarian', 'himcancooktoo', 'fit4life', 'healthiereating', 'yancyified']",0
gorilla-picnic,"['vegan', 'health', 'natural remedy', 'ginger', 'herbal remedy', 'gardening', 'plants']",0
cookingwithque,"['daiya', 'eattolive', 'detroit', 'chef', 'vegan', 'curator', 'blogger', 'plantbased', 'whathealthylookslike', 'healthy', 'cookingwithque', 'foodie', 'meateater', 'veganmacncheez', 'organic']",0
fdance,"['macandcheese', 'yum', 'cheesyaf', 'vegan', 'greenchiles', 'sogood']",0
empathic-heathen,"['vegan', 'health', 'healthyfood', 'yum']",0
rayourhighness,"['high', 'vegan', 'syh', '420', 'smileyourehigh']",0
xomodelmelissa,"['eco', 'ecofashion', 'plantatree', 'vegan']",0
christinelovespaleo,"['dairyfree', 'drink', 'foodphotography', 'glutenfree', 'greensmoothie', 'healthy', 'ichristineme', 'inmygarden', 'liquidlunch', 'natural', 'noaddedsugar', 'paleo', 'refinedsugarfree', 'smoothie', 'vegan']",0
hikinghippiehemps,"['hippie', 'crystalhealing', 'yoga', 'vegan', 'crystals', 'lapislazuli', 'hempjewelry', 'hemp', 'handmade', 'shopsmall', 'yogi', 'hippy', 'smallbusiness', 'healing']",0
laurensveganuniversity,"['vegan', 'veganlife', 'friendsnotfood', 'vegetarian', 'healthy', 'veganism', 'veganlove', 'vegansofinstagram', 'vegans of tumblr', 'plantbased', 'vegano', 'rawfood', 'vegans']",0
yellowpaintedlife,"['pasta', 'vegan']",0
mollyrosebalms,"['vegan', 'holiday', 'presents', 'holidays', 'christmasshopping', 'christmasgiftguide', 'onlineshopping', 'veganholiday', 'sale', 'holidaygiftguide', 'shopping', 'beauty', 'gifts', 'veganchristmas', 'pumpkinpie', 'christmas', 'holidaygifts', 'crueltyfree', 'veganthanksgiving', 'thanksgiving', 'natural', 'organic', 'gift', 'shopsmall', 'xmas', 'lipbalm', 'coupon', 'christmasgiftideas']",0
vegankween,"['vegan', 'personal', 'V MAD', 'veganism']",9
iscreamnails,"['nailart', 'vegan', 'nailpolish', 'nails', 'iscreamnails', 'crueltyfree', 'notd']",1
healthyanddelish,"['vegan omelette', 'chickpea flour', 'vegan protein', 'vegan', 'delish']",0
dreamstreamss,"['vegan', 'i need vegan friends']",0
sweetsimplevegan,"['veganburger', 'bestofvegan', 'sweetsimplevegan', 'vegan', 'veganfoodshare']",2
runningonsmoothies,"['my food', 'vegan', 'my workouts', 'larsonland', 'minnah', 'hopper']",8
misskreatorblog,"['repost', 'idigitaldetoxisoverdueagain', 'backtoreallife', 'vegan', 'sorrynoquote', 'kreator']",0
magpiemirror-blog,"['keepitreal', 'veganfoodshare', 'vegan', 'lazycook', 'producebox', 'plantbased', 'veganfortheanimals', 'farmersmarket', 'veganofig', 'durhamfarmersmarket', 'keepitsimple', 'plantshaveprotein']",0
galanyancy,"['vmotd', 'vegan', 'vegatarian', 'himcancooktoo', 'fit4life', 'healthiereating', 'yancyified']",0
gorilla-picnic,"['vegan', 'health', 'natural remedy', 'ginger', 'herbal remedy', 'gardening', 'plants']",0
cookingwithque,"['daiya', 'eattolive', 'detroit', 'chef', 'vegan', 'curator', 'blogger', 'plantbased', 'whathealthylookslike', 'healthy', 'cookingwithque', 'foodie', 'meateater', 'veganmacncheez', 'organic']",0
fdance,"['macandcheese', 'yum', 'cheesyaf', 'vegan', 'greenchiles', 'sogood']",0
empathic-heathen,"['vegan', 'health', 'healthyfood', 'yum']",0
rayourhighness,"['high', 'vegan', 'syh', '420', 'smileyourehigh']",0
xomodelmelissa,"['eco', 'ecofashion', 'plantatree', 'vegan']",0
christinelovespaleo,"['dairyfree', 'drink', 'foodphotography', 'glutenfree', 'greensmoothie', 'healthy', 'ichristineme', 'inmygarden', 'liquidlunch', 'natural', 'noaddedsugar', 'paleo', 'refinedsugarfree', 'smoothie', 'vegan']",0
hikinghippiehemps,"['crystalhealing', 'crystals', 'handmade', 'healing', 'hemp', 'hempjewelry', 'hippie', 'hippy', 'lapislazuli', 'shopsmall', 'smallbusiness', 'vegan', 'yoga', 'yogi']",0
laurensveganuniversity,"['vegan', 'veganlife', 'friendsnotfood', 'vegetarian', 'healthy', 'veganism', 'veganlove', 'vegansofinstagram', 'vegans of tumblr', 'plantbased', 'vegano', 'rawfood', 'vegans']",0
yellowpaintedlife,"['pasta', 'vegan']",0
mollyrosebalms,"['vegan', 'holiday', 'presents', 'holidays', 'christmasshopping', 'christmasgiftguide', 'onlineshopping', 'veganholiday', 'sale', 'holidaygiftguide', 'shopping', 'beauty', 'gifts', 'veganchristmas', 'pumpkinpie', 'christmas', 'holidaygifts', 'crueltyfree', 'veganthanksgiving', 'thanksgiving', 'natural', 'organic', 'gift', 'shopsmall', 'xmas', 'lipbalm', 'coupon', 'christmasgiftideas']",0
vegankween,"['vegan', 'personal', 'V MAD', 'veganism']",9
iscreamnails,"['nailart', 'vegan', 'nailpolish', 'nails', 'iscreamnails', 'crueltyfree', 'notd']",1
healthyanddelish,"['vegan omelette', 'chickpea flour', 'vegan protein', 'vegan', 'delish']",0
dreamstreamss,"['vegan', 'i need vegan friends']",0
sweetsimplevegan,"['veganburger', 'bestofvegan', 'sweetsimplevegan', 'vegan', 'veganfoodshare']",2
runningonsmoothies,"['my food', 'vegan', 'my workouts', 'larsonland', 'minnah', 'hopper']",8
misskreatorblog,"['repost', 'idigitaldetoxisoverdueagain', 'backtoreallife', 'vegan', 'sorrynoquote', 'kreator']",0
magpiemirror-blog,"['keepitreal', 'veganfoodshare', 'vegan', 'lazycook', 'producebox', 'plantbased', 'veganfortheanimals', 'farmersmarket', 'veganofig', 'durhamfarmersmarket', 'keepitsimple', 'plantshaveprotein']",0
galanyancy,"['vmotd', 'vegan', 'vegatarian', 'himcancooktoo', 'fit4life', 'healthiereating', 'yancyified']",0
gorilla-picnic,"['vegan', 'health', 'natural remedy', 'ginger', 'herbal remedy', 'gardening', 'plants']",0
cookingwithque,"['daiya', 'eattolive', 'detroit', 'chef', 'vegan', 'curator', 'blogger', 'plantbased', 'whathealthylookslike', 'healthy', 'cookingwithque', 'foodie', 'meateater', 'veganmacncheez', 'organic']",0
fdance,"['macandcheese', 'yum', 'cheesyaf', 'vegan', 'greenchiles', 'sogood']",0
empathic-heathen,"['vegan', 'health', 'healthyfood', 'yum']",0
rayourhighness,"['high', 'vegan', 'syh', '420', 'smileyourehigh']",0
xomodelmelissa,"['eco', 'ecofashion', 'plantatree', 'vegan']",0
christinelovespaleo,"['dairyfree', 'drink', 'foodphotography', 'glutenfree', 'greensmoothie', 'healthy', 'ichristineme', 'inmygarden', 'liquidlunch', 'natural', 'noaddedsugar', 'paleo', 'refinedsugarfree', 'smoothie', 'vegan']",0
hikinghippiehemps,"['crystalhealing', 'crystals', 'handmade', 'healing', 'hemp', 'hempjewelry', 'hippie', 'hippy', 'lapislazuli', 'shopsmall', 'smallbusiness', 'vegan', 'yoga', 'yogi']",0
laurensveganuniversity,"['friendsnotfood', 'healthy', 'plantbased', 'rawfood', 'vegan', 'veganism', 'veganlife', 'veganlove', 'vegano', 'vegans', 'vegans of tumblr', 'vegansofinstagram', 'vegetarian']",0
yellowpaintedlife,"['pasta', 'vegan']",0
mollyrosebalms,"['vegan', 'holiday', 'presents', 'holidays', 'christmasshopping', 'christmasgiftguide', 'onlineshopping', 'veganholiday', 'sale', 'holidaygiftguide', 'shopping', 'beauty', 'gifts', 'veganchristmas', 'pumpkinpie', 'christmas', 'holidaygifts', 'crueltyfree', 'veganthanksgiving', 'thanksgiving', 'natural', 'organic', 'gift', 'shopsmall', 'xmas', 'lipbalm', 'coupon', 'christmasgiftideas']",0
vegankween,"['vegan', 'personal', 'V MAD', 'veganism']",9
iscreamnails,"['nailart', 'vegan', 'nailpolish', 'nails', 'iscreamnails', 'crueltyfree', 'notd']",1
healthyanddelish,"['vegan omelette', 'chickpea flour', 'vegan protein', 'vegan', 'delish']",0
dreamstreamss,"['vegan', 'i need vegan friends']",0
sweetsimplevegan,"['veganburger', 'bestofvegan', 'sweetsimplevegan', 'vegan', 'veganfoodshare']",2
runningonsmoothies,"['my food', 'vegan', 'my workouts', 'larsonland', 'minnah', 'hopper']",8
misskreatorblog,"['repost', 'idigitaldetoxisoverdueagain', 'backtoreallife', 'vegan', 'sorrynoquote', 'kreator']",0
magpiemirror-blog,"['keepitreal', 'veganfoodshare', 'vegan', 'lazycook', 'producebox', 'plantbased', 'veganfortheanimals', 'farmersmarket', 'veganofig', 'durhamfarmersmarket', 'keepitsimple', 'plantshaveprotein']",0
galanyancy,"['vmotd', 'vegan', 'vegatarian', 'himcancooktoo', 'fit4life', 'healthiereating', 'yancyified']",0
gorilla-picnic,"['vegan', 'health', 'natural remedy', 'ginger', 'herbal remedy', 'gardening', 'plants']",0
cookingwithque,"['daiya', 'eattolive', 'detroit', 'chef', 'vegan', 'curator', 'blogger', 'plantbased', 'whathealthylookslike', 'healthy', 'cookingwithque', 'foodie', 'meateater', 'veganmacncheez', 'organic']",0
fdance,"['macandcheese', 'yum', 'cheesyaf', 'vegan', 'greenchiles', 'sogood']",0
empathic-heathen,"['vegan', 'health', 'healthyfood', 'yum']",0
rayourhighness,"['high', 'vegan', 'syh', '420', 'smileyourehigh']",0
xomodelmelissa,"['eco', 'ecofashion', 'plantatree', 'vegan']",0
christinelovespaleo,"['dairyfree', 'drink', 'foodphotography', 'glutenfree', 'greensmoothie', 'healthy', 'ichristineme', 'inmygarden', 'liquidlunch', 'natural', 'noaddedsugar', 'paleo', 'refinedsugarfree', 'smoothie', 'vegan']",0
hikinghippiehemps,"['crystalhealing', 'crystals', 'handmade', 'healing', 'hemp', 'hempjewelry', 'hippie', 'hippy', 'lapislazuli', 'shopsmall', 'smallbusiness', 'vegan', 'yoga', 'yogi']",0
laurensveganuniversity,"['friendsnotfood', 'healthy', 'plantbased', 'rawfood', 'vegan', 'veganism', 'veganlife', 'veganlove', 'vegano', 'vegans', 'vegans of tumblr', 'vegansofinstagram', 'vegetarian']",0
yellowpaintedlife,"['pasta', 'vegan']",0
mollyrosebalms,"['vegan', 'holiday', 'presents', 'holidays', 'christmasshopping', 'christmasgiftguide', 'onlineshopping', 'veganholiday', 'sale', 'holidaygiftguide', 'shopping', 'beauty', 'gifts', 'veganchristmas', 'pumpkinpie', 'christmas', 'holidaygifts', 'crueltyfree', 'veganthanksgiving', 'thanksgiving', 'natural', 'organic', 'gift', 'shopsmall', 'xmas', 'lipbalm', 'coupon', 'christmasgiftideas']",0
vegankween,"['vegan', 'personal', 'V MAD', 'veganism']",9
iscreamnails,"['nailart', 'vegan', 'nailpolish', 'nails', 'iscreamnails', 'crueltyfree', 'notd']",1
healthyanddelish,"['vegan omelette', 'chickpea flour', 'vegan protein', 'vegan', 'delish']",0
dreamstreamss,"['vegan', 'i need vegan friends']",0
sweetsimplevegan,"['veganburger', 'bestofvegan', 'sweetsimplevegan', 'vegan', 'veganfoodshare']",2
runningonsmoothies,"['my food', 'vegan', 'my workouts', 'larsonland', 'minnah', 'hopper']",8
misskreatorblog,"['repost', 'idigitaldetoxisoverdueagain', 'backtoreallife', 'vegan', 'sorrynoquote', 'kreator']",0
magpiemirror-blog,"['keepitreal', 'veganfoodshare', 'vegan', 'lazycook', 'producebox', 'plantbased', 'veganfortheanimals', 'farmersmarket', 'veganofig', 'durhamfarmersmarket', 'keepitsimple', 'plantshaveprotein']",0
galanyancy,"['vmotd', 'vegan', 'vegatarian', 'himcancooktoo', 'fit4life', 'healthiereating', 'yancyified']",0
gorilla-picnic,"['vegan', 'health', 'natural remedy', 'ginger', 'herbal remedy', 'gardening', 'plants']",0
cookingwithque,"['daiya', 'eattolive', 'detroit', 'chef', 'vegan', 'curator', 'blogger', 'plantbased', 'whathealthylookslike', 'healthy', 'cookingwithque', 'foodie', 'meateater', 'veganmacncheez', 'organic']",0
fdance,"['macandcheese', 'yum', 'cheesyaf', 'vegan', 'greenchiles', 'sogood']",0
empathic-heathen,"['vegan', 'health', 'healthyfood', 'yum']",0
rayourhighness,"['high', 'vegan', 'syh', '420', 'smileyourehigh']",0
xomodelmelissa,"['eco', 'ecofashion', 'plantatree', 'vegan']",0
christinelovespaleo,"['dairyfree', 'drink', 'foodphotography', 'glutenfree', 'greensmoothie', 'healthy', 'ichristineme', 'inmygarden', 'liquidlunch', 'natural', 'noaddedsugar', 'paleo', 'refinedsugarfree', 'smoothie', 'vegan']",0
hikinghippiehemps,"['crystalhealing', 'crystals', 'handmade', 'healing', 'hemp', 'hempjewelry', 'hippie', 'hippy', 'lapislazuli', 'shopsmall', 'smallbusiness', 'vegan', 'yoga', 'yogi']",0
laurensveganuniversity,"['friendsnotfood', 'healthy', 'plantbased', 'rawfood', 'vegan', 'veganism', 'veganlife', 'veganlove', 'vegano', 'vegans', 'vegans of tumblr', 'vegansofinstagram', 'vegetarian']",0
yellowpaintedlife,"['pasta', 'vegan']",0
mollyrosebalms,"['beauty', 'christmas', 'christmasgiftguide', 'christmasgiftideas', 'christmasshopping', 'coupon', 'crueltyfree', 'gift', 'gifts', 'holiday', 'holidaygiftguide', 'holidaygifts', 'holidays', 'lipbalm', 'natural', 'onlineshopping', 'organic', 'presents', 'pumpkinpie', 'sale', 'shopping', 'shopsmall', 'thanksgiving', 'vegan', 'veganchristmas', 'veganholiday', 'veganthanksgiving', 'xmas']",0
vegankween,"['vegan', 'personal', 'V MAD', 'veganism']",9
iscreamnails,"['nailart', 'vegan', 'nailpolish', 'nails', 'iscreamnails', 'crueltyfree', 'notd']",1
healthyanddelish,"['vegan omelette', 'chickpea flour', 'vegan protein', 'vegan', 'delish']",0
dreamstreamss,"['vegan', 'i need vegan friends']",0
sweetsimplevegan,"['veganburger', 'bestofvegan', 'sweetsimplevegan', 'vegan', 'veganfoodshare']",2
runningonsmoothies,"['my food', 'vegan', 'my workouts', 'larsonland', 'minnah', 'hopper']",8
misskreatorblog,"['repost', 'idigitaldetoxisoverdueagain', 'backtoreallife', 'vegan', 'sorrynoquote', 'kreator']",0
magpiemirror-blog,"['keepitreal', 'veganfoodshare', 'vegan', 'lazycook', 'producebox', 'plantbased', 'veganfortheanimals', 'farmersmarket', 'veganofig', 'durhamfarmersmarket', 'keepitsimple', 'plantshaveprotein']",0
galanyancy,"['vmotd', 'vegan', 'vegatarian', 'himcancooktoo', 'fit4life', 'healthiereating', 'yancyified']",0
gorilla-picnic,"['vegan', 'health', 'natural remedy', 'ginger', 'herbal remedy', 'gardening', 'plants']",0
cookingwithque,"['daiya', 'eattolive', 'detroit', 'chef', 'vegan', 'curator', 'blogger', 'plantbased', 'whathealthylookslike', 'healthy', 'cookingwithque', 'foodie', 'meateater', 'veganmacncheez', 'organic']",0
fdance,"['macandcheese', 'yum', 'cheesyaf', 'vegan', 'greenchiles', 'sogood']",0
empathic-heathen,"['vegan', 'health', 'healthyfood', 'yum']",0
rayourhighness,"['high', 'vegan', 'syh', '420', 'smileyourehigh']",0
xomodelmelissa,"['eco', 'ecofashion', 'plantatree', 'vegan']",0
christinelovespaleo,"['dairyfree', 'drink', 'foodphotography', 'glutenfree', 'greensmoothie', 'healthy', 'ichristineme', 'inmygarden', 'liquidlunch', 'natural', 'noaddedsugar', 'paleo', 'refinedsugarfree', 'smoothie', 'vegan']",0
hikinghippiehemps,"['crystalhealing', 'crystals', 'handmade', 'healing', 'hemp', 'hempjewelry', 'hippie', 'hippy', 'lapislazuli', 'shopsmall', 'smallbusiness', 'vegan', 'yoga', 'yogi']",0
laurensveganuniversity,"['friendsnotfood', 'healthy', 'plantbased', 'rawfood', 'vegan', 'veganism', 'veganlife', 'veganlove', 'vegano', 'vegans', 'vegans of tumblr', 'vegansofinstagram', 'vegetarian']",0
yellowpaintedlife,"['pasta', 'vegan']",0
mollyrosebalms,"['beauty', 'christmas', 'christmasgiftguide', 'christmasgiftideas', 'christmasshopping', 'coupon', 'crueltyfree', 'gift', 'gifts', 'holiday', 'holidaygiftguide', 'holidaygifts', 'holidays', 'lipbalm', 'natural', 'onlineshopping', 'organic', 'presents', 'pumpkinpie', 'sale', 'shopping', 'shopsmall', 'thanksgiving', 'vegan', 'veganchristmas', 'veganholiday', 'veganthanksgiving', 'xmas']",0
vegankween,"['V MAD', 'personal', 'vegan', 'veganism']",9
iscreamnails,"['nailart', 'vegan', 'nailpolish', 'nails', 'iscreamnails', 'crueltyfree', 'notd']",1
healthyanddelish,"['vegan omelette', 'chickpea flour', 'vegan protein', 'vegan', 'delish']",0
dreamstreamss,"['vegan', 'i need vegan friends']",0
sweetsimplevegan,"['veganburger', 'bestofvegan', 'sweetsimplevegan', 'vegan', 'veganfoodshare']",2
runningonsmoothies,"['my food', 'vegan', 'my workouts', 'larsonland', 'minnah', 'hopper']",8
misskreatorblog,"['repost', 'idigitaldetoxisoverdueagain', 'backtoreallife', 'vegan', 'sorrynoquote', 'kreator']",0
magpiemirror-blog,"['keepitreal', 'veganfoodshare', 'vegan', 'lazycook', 'producebox', 'plantbased', 'veganfortheanimals', 'farmersmarket', 'veganofig', 'durhamfarmersmarket', 'keepitsimple', 'plantshaveprotein']",0
galanyancy,"['vmotd', 'vegan', 'vegatarian', 'himcancooktoo', 'fit4life', 'healthiereating', 'yancyified']",0
gorilla-picnic,"['vegan', 'health', 'natural remedy', 'ginger', 'herbal remedy', 'gardening', 'plants']",0
cookingwithque,"['daiya', 'eattolive', 'detroit', 'chef', 'vegan', 'curator', 'blogger', 'plantbased', 'whathealthylookslike', 'healthy', 'cookingwithque', 'foodie', 'meateater', 'veganmacncheez', 'organic']",0
fdance,"['macandcheese', 'yum', 'cheesyaf', 'vegan', 'greenchiles', 'sogood']",0
empathic-heathen,"['vegan', 'health', 'healthyfood', 'yum']",0
rayourhighness,"['high', 'vegan', 'syh', '420', 'smileyourehigh']",0
xomodelmelissa,"['eco', 'ecofashion', 'plantatree', 'vegan']",0
christinelovespaleo,"['dairyfree', 'drink', 'foodphotography', 'glutenfree', 'greensmoothie', 'healthy', 'ichristineme', 'inmygarden', 'liquidlunch', 'natural', 'noaddedsugar', 'paleo', 'refinedsugarfree', 'smoothie', 'vegan']",0
hikinghippiehemps,"['crystalhealing', 'crystals', 'handmade', 'healing', 'hemp', 'hempjewelry', 'hippie', 'hippy', 'lapislazuli', 'shopsmall', 'smallbusiness', 'vegan', 'yoga', 'yogi']",0
laurensveganuniversity,"['friendsnotfood', 'healthy', 'plantbased', 'rawfood', 'vegan', 'veganism', 'veganlife', 'veganlove', 'vegano', 'vegans', 'vegans of tumblr', 'vegansofinstagram', 'vegetarian']",0
yellowpaintedlife,"['pasta', 'vegan']",0
mollyrosebalms,"['beauty', 'christmas', 'christmasgiftguide', 'christmasgiftideas', 'christmasshopping', 'coupon', 'crueltyfree', 'gift', 'gifts', 'holiday', 'holidaygiftguide', 'holidaygifts', 'holidays', 'lipbalm', 'natural', 'onlineshopping', 'organic', 'presents', 'pumpkinpie', 'sale', 'shopping', 'shopsmall', 'thanksgiving', 'vegan', 'veganchristmas', 'veganholiday', 'veganthanksgiving', 'xmas']",0
vegankween,"['V MAD', 'personal', 'vegan', 'veganism']",9
iscreamnails,"['crueltyfree', 'iscreamnails', 'nailart', 'nailpolish', 'nails', 'notd', 'vegan']",1
healthyanddelish,"['vegan omelette', 'chickpea flour', 'vegan protein', 'vegan', 'delish']",0
dreamstreamss,"['vegan', 'i need vegan friends']",0
sweetsimplevegan,"['veganburger', 'bestofvegan', 'sweetsimplevegan', 'vegan', 'veganfoodshare']",2
runningonsmoothies,"['my food', 'vegan', 'my workouts', 'larsonland', 'minnah', 'hopper']",8
misskreatorblog,"['repost', 'idigitaldetoxisoverdueagain', 'backtoreallife', 'vegan', 'sorrynoquote', 'kreator']",0
magpiemirror-blog,"['keepitreal', 'veganfoodshare', 'vegan', 'lazycook', 'producebox', 'plantbased', 'veganfortheanimals', 'farmersmarket', 'veganofig', 'durhamfarmersmarket', 'keepitsimple', 'plantshaveprotein']",0
galanyancy,"['vmotd', 'vegan', 'vegatarian', 'himcancooktoo', 'fit4life', 'healthiereating', 'yancyified']",0
gorilla-picnic,"['vegan', 'health', 'natural remedy', 'ginger', 'herbal remedy', 'gardening', 'plants']",0
cookingwithque,"['daiya', 'eattolive', 'detroit', 'chef', 'vegan', 'curator', 'blogger', 'plantbased', 'whathealthylookslike', 'healthy', 'cookingwithque', 'foodie', 'meateater', 'veganmacncheez', 'organic']",0
fdance,"['macandcheese', 'yum', 'cheesyaf', 'vegan', 'greenchiles', 'sogood']",0
empathic-heathen,"['vegan', 'health', 'healthyfood', 'yum']",0
rayourhighness,"['high', 'vegan', 'syh', '420', 'smileyourehigh']",0
xomodelmelissa,"['eco', 'ecofashion', 'plantatree', 'vegan']",0
christinelovespaleo,"['dairyfree', 'drink', 'foodphotography', 'glutenfree', 'greensmoothie', 'healthy', 'ichristineme', 'inmygarden', 'liquidlunch', 'natural', 'noaddedsugar', 'paleo', 'refinedsugarfree', 'smoothie', 'vegan']",0
hikinghippiehemps,"['crystalhealing', 'crystals', 'handmade', 'healing', 'hemp', 'hempjewelry', 'hippie', 'hippy', 'lapislazuli', 'shopsmall', 'smallbusiness', 'vegan', 'yoga', 'yogi']",0
laurensveganuniversity,"['friendsnotfood', 'healthy', 'plantbased', 'rawfood', 'vegan', 'veganism', 'veganlife', 'veganlove', 'vegano', 'vegans', 'vegans of tumblr', 'vegansofinstagram', 'vegetarian']",0
yellowpaintedlife,"['pasta', 'vegan']",0
mollyrosebalms,"['beauty', 'christmas', 'christmasgiftguide', 'christmasgiftideas', 'christmasshopping', 'coupon', 'crueltyfree', 'gift', 'gifts', 'holiday', 'holidaygiftguide', 'holidaygifts', 'holidays', 'lipbalm', 'natural', 'onlineshopping', 'organic', 'presents', 'pumpkinpie', 'sale', 'shopping', 'shopsmall', 'thanksgiving', 'vegan', 'veganchristmas', 'veganholiday', 'veganthanksgiving', 'xmas']",0
vegankween,"['V MAD', 'personal', 'vegan', 'veganism']",9
iscreamnails,"['crueltyfree', 'iscreamnails', 'nailart', 'nailpolish', 'nails', 'notd', 'vegan']",1
healthyanddelish,"['chickpea flour', 'delish', 'vegan', 'vegan omelette', 'vegan protein']",0
dreamstreamss,"['vegan', 'i need vegan friends']",0
sweetsimplevegan,"['veganburger', 'bestofvegan', 'sweetsimplevegan', 'vegan', 'veganfoodshare']",2
runningonsmoothies,"['my food', 'vegan', 'my workouts', 'larsonland', 'minnah', 'hopper']",8
misskreatorblog,"['repost', 'idigitaldetoxisoverdueagain', 'backtoreallife', 'vegan', 'sorrynoquote', 'kreator']",0
magpiemirror-blog,"['keepitreal', 'veganfoodshare', 'vegan', 'lazycook', 'producebox', 'plantbased', 'veganfortheanimals', 'farmersmarket', 'veganofig', 'durhamfarmersmarket', 'keepitsimple', 'plantshaveprotein']",0
galanyancy,"['vmotd', 'vegan', 'vegatarian', 'himcancooktoo', 'fit4life', 'healthiereating', 'yancyified']",0
gorilla-picnic,"['vegan', 'health', 'natural remedy', 'ginger', 'herbal remedy', 'gardening', 'plants']",0
cookingwithque,"['daiya', 'eattolive', 'detroit', 'chef', 'vegan', 'curator', 'blogger', 'plantbased', 'whathealthylookslike', 'healthy', 'cookingwithque', 'foodie', 'meateater', 'veganmacncheez', 'organic']",0
fdance,"['macandcheese', 'yum', 'cheesyaf', 'vegan', 'greenchiles', 'sogood']",0
empathic-heathen,"['vegan', 'health', 'healthyfood', 'yum']",0
rayourhighness,"['high', 'vegan', 'syh', '420', 'smileyourehigh']",0
xomodelmelissa,"['eco', 'ecofashion', 'plantatree', 'vegan']",0
christinelovespaleo,"['dairyfree', 'drink', 'foodphotography', 'glutenfree', 'greensmoothie', 'healthy', 'ichristineme', 'inmygarden', 'liquidlunch', 'natural', 'noaddedsugar', 'paleo', 'refinedsugarfree', 'smoothie', 'vegan']",0
hikinghippiehemps,"['crystalhealing', 'crystals', 'handmade', 'healing', 'hemp', 'hempjewelry', 'hippie', 'hippy', 'lapislazuli', 'shopsmall', 'smallbusiness', 'vegan', 'yoga', 'yogi']",0
laurensveganuniversity,"['friendsnotfood', 'healthy', 'plantbased', 'rawfood', 'vegan', 'veganism', 'veganlife', 'veganlove', 'vegano', 'vegans', 'vegans of tumblr', 'vegansofinstagram', 'vegetarian']",0
yellowpaintedlife,"['pasta', 'vegan']",0
mollyrosebalms,"['beauty', 'christmas', 'christmasgiftguide', 'christmasgiftideas', 'christmasshopping', 'coupon', 'crueltyfree', 'gift', 'gifts', 'holiday', 'holidaygiftguide', 'holidaygifts', 'holidays', 'lipbalm', 'natural', 'onlineshopping', 'organic', 'presents', 'pumpkinpie', 'sale', 'shopping', 'shopsmall', 'thanksgiving', 'vegan', 'veganchristmas', 'veganholiday', 'veganthanksgiving', 'xmas']",0
vegankween,"['V MAD', 'personal', 'vegan', 'veganism']",9
iscreamnails,"['crueltyfree', 'iscreamnails', 'nailart', 'nailpolish', 'nails', 'notd', 'vegan']",1
healthyanddelish,"['chickpea flour', 'delish', 'vegan', 'vegan omelette', 'vegan protein']",0
dreamstreamss,"['i need vegan friends', 'vegan']",0
sweetsimplevegan,"['veganburger', 'bestofvegan', 'sweetsimplevegan', 'vegan', 'veganfoodshare']",2
runningonsmoothies,"['my food', 'vegan', 'my workouts', 'larsonland', 'minnah', 'hopper']",8
misskreatorblog,"['repost', 'idigitaldetoxisoverdueagain', 'backtoreallife', 'vegan', 'sorrynoquote', 'kreator']",0
magpiemirror-blog,"['keepitreal', 'veganfoodshare', 'vegan', 'lazycook', 'producebox', 'plantbased', 'veganfortheanimals', 'farmersmarket', 'veganofig', 'durhamfarmersmarket', 'keepitsimple', 'plantshaveprotein']",0
galanyancy,"['vmotd', 'vegan', 'vegatarian', 'himcancooktoo', 'fit4life', 'healthiereating', 'yancyified']",0
gorilla-picnic,"['vegan', 'health', 'natural remedy', 'ginger', 'herbal remedy', 'gardening', 'plants']",0
cookingwithque,"['daiya', 'eattolive', 'detroit', 'chef', 'vegan', 'curator', 'blogger', 'plantbased', 'whathealthylookslike', 'healthy', 'cookingwithque', 'foodie', 'meateater', 'veganmacncheez', 'organic']",0
fdance,"['macandcheese', 'yum', 'cheesyaf', 'vegan', 'greenchiles', 'sogood']",0
empathic-heathen,"['vegan', 'health', 'healthyfood', 'yum']",0
rayourhighness,"['high', 'vegan', 'syh', '420', 'smileyourehigh']",0
xomodelmelissa,"['eco', 'ecofashion', 'plantatree', 'vegan']",0
christinelovespaleo,"['dairyfree', 'drink', 'foodphotography', 'glutenfree', 'greensmoothie', 'healthy', 'ichristineme', 'inmygarden', 'liquidlunch', 'natural', 'noaddedsugar', 'paleo', 'refinedsugarfree', 'smoothie', 'vegan']",0
hikinghippiehemps,"['crystalhealing', 'crystals', 'handmade', 'healing', 'hemp', 'hempjewelry', 'hippie', 'hippy', 'lapislazuli', 'shopsmall', 'smallbusiness', 'vegan', 'yoga', 'yogi']",0
laurensveganuniversity,"['friendsnotfood', 'healthy', 'plantbased', 'rawfood', 'vegan', 'veganism', 'veganlife', 'veganlove', 'vegano', 'vegans', 'vegans of tumblr', 'vegansofinstagram', 'vegetarian']",0
yellowpaintedlife,"['pasta', 'vegan']",0
mollyrosebalms,"['beauty', 'christmas', 'christmasgiftguide', 'christmasgiftideas', 'christmasshopping', 'coupon', 'crueltyfree', 'gift', 'gifts', 'holiday', 'holidaygiftguide', 'holidaygifts', 'holidays', 'lipbalm', 'natural', 'onlineshopping', 'organic', 'presents', 'pumpkinpie', 'sale', 'shopping', 'shopsmall', 'thanksgiving', 'vegan', 'veganchristmas', 'veganholiday', 'veganthanksgiving', 'xmas']",0
vegankween,"['V MAD', 'personal', 'vegan', 'veganism']",9
iscreamnails,"['crueltyfree', 'iscreamnails', 'nailart', 'nailpolish', 'nails', 'notd', 'vegan']",1
healthyanddelish,"['chickpea flour', 'delish', 'vegan', 'vegan omelette', 'vegan protein']",0
dreamstreamss,"['i need vegan friends', 'vegan']",0
sweetsimplevegan,"['bestofvegan', 'sweetsimplevegan', 'vegan', 'veganburger', 'veganfoodshare']",2
runningonsmoothies,"['my food', 'vegan', 'my workouts', 'larsonland', 'minnah', 'hopper']",8
misskreatorblog,"['repost', 'idigitaldetoxisoverdueagain', 'backtoreallife', 'vegan', 'sorrynoquote', 'kreator']",0
magpiemirror-blog,"['keepitreal', 'veganfoodshare', 'vegan', 'lazycook', 'producebox', 'plantbased', 'veganfortheanimals', 'farmersmarket', 'veganofig', 'durhamfarmersmarket', 'keepitsimple', 'plantshaveprotein']",0
galanyancy,"['vmotd', 'vegan', 'vegatarian', 'himcancooktoo', 'fit4life', 'healthiereating', 'yancyified']",0
gorilla-picnic,"['vegan', 'health', 'natural remedy', 'ginger', 'herbal remedy', 'gardening', 'plants']",0
cookingwithque,"['daiya', 'eattolive', 'detroit', 'chef', 'vegan', 'curator', 'blogger', 'plantbased', 'whathealthylookslike', 'healthy', 'cookingwithque', 'foodie', 'meateater', 'veganmacncheez', 'organic']",0
fdance,"['macandcheese', 'yum', 'cheesyaf', 'vegan', 'greenchiles', 'sogood']",0
empathic-heathen,"['vegan', 'health', 'healthyfood', 'yum']",0
rayourhighness,"['high', 'vegan', 'syh', '420', 'smileyourehigh']",0
xomodelmelissa,"['eco', 'ecofashion', 'plantatree', 'vegan']",0
christinelovespaleo,"['dairyfree', 'drink', 'foodphotography', 'glutenfree', 'greensmoothie', 'healthy', 'ichristineme', 'inmygarden', 'liquidlunch', 'natural', 'noaddedsugar', 'paleo', 'refinedsugarfree', 'smoothie', 'vegan']",0
hikinghippiehemps,"['crystalhealing', 'crystals', 'handmade', 'healing', 'hemp', 'hempjewelry', 'hippie', 'hippy', 'lapislazuli', 'shopsmall', 'smallbusiness', 'vegan', 'yoga', 'yogi']",0
laurensveganuniversity,"['friendsnotfood', 'healthy', 'plantbased', 'rawfood', 'vegan', 'veganism', 'veganlife', 'veganlove', 'vegano', 'vegans', 'vegans of tumblr', 'vegansofinstagram', 'vegetarian']",0
yellowpaintedlife,"['pasta', 'vegan']",0
mollyrosebalms,"['beauty', 'christmas', 'christmasgiftguide', 'christmasgiftideas', 'christmasshopping', 'coupon', 'crueltyfree', 'gift', 'gifts', 'holiday', 'holidaygiftguide', 'holidaygifts', 'holidays', 'lipbalm', 'natural', 'onlineshopping', 'organic', 'presents', 'pumpkinpie', 'sale', 'shopping', 'shopsmall', 'thanksgiving', 'vegan', 'veganchristmas', 'veganholiday', 'veganthanksgiving', 'xmas']",0
vegankween,"['V MAD', 'personal', 'vegan', 'veganism']",9
iscreamnails,"['crueltyfree', 'iscreamnails', 'nailart', 'nailpolish', 'nails', 'notd', 'vegan']",1
healthyanddelish,"['chickpea flour', 'delish', 'vegan', 'vegan omelette', 'vegan protein']",0
dreamstreamss,"['i need vegan friends', 'vegan']",0
sweetsimplevegan,"['bestofvegan', 'sweetsimplevegan', 'vegan', 'veganburger', 'veganfoodshare']",2
runningonsmoothies,"['hopper', 'larsonland', 'minnah', 'my food', 'my workouts', 'vegan']",8
misskreatorblog,"['repost', 'idigitaldetoxisoverdueagain', 'backtoreallife', 'vegan', 'sorrynoquote', 'kreator']",0
magpiemirror-blog,"['keepitreal', 'veganfoodshare', 'vegan', 'lazycook', 'producebox', 'plantbased', 'veganfortheanimals', 'farmersmarket', 'veganofig', 'durhamfarmersmarket', 'keepitsimple', 'plantshaveprotein']",0
galanyancy,"['vmotd', 'vegan', 'vegatarian', 'himcancooktoo', 'fit4life', 'healthiereating', 'yancyified']",0
gorilla-picnic,"['vegan', 'health', 'natural remedy', 'ginger', 'herbal remedy', 'gardening', 'plants']",0
cookingwithque,"['daiya', 'eattolive', 'detroit', 'chef', 'vegan', 'curator', 'blogger', 'plantbased', 'whathealthylookslike', 'healthy', 'cookingwithque', 'foodie', 'meateater', 'veganmacncheez', 'organic']",0
fdance,"['macandcheese', 'yum', 'cheesyaf', 'vegan', 'greenchiles', 'sogood']",0
empathic-heathen,"['vegan', 'health', 'healthyfood', 'yum']",0
rayourhighness,"['high', 'vegan', 'syh', '420', 'smileyourehigh']",0
xomodelmelissa,"['eco', 'ecofashion', 'plantatree', 'vegan']",0
christinelovespaleo,"['dairyfree', 'drink', 'foodphotography', 'glutenfree', 'greensmoothie', 'healthy', 'ichristineme', 'inmygarden', 'liquidlunch', 'natural', 'noaddedsugar', 'paleo', 'refinedsugarfree', 'smoothie', 'vegan']",0
hikinghippiehemps,"['crystalhealing', 'crystals', 'handmade', 'healing', 'hemp', 'hempjewelry', 'hippie', 'hippy', 'lapislazuli', 'shopsmall', 'smallbusiness', 'vegan', 'yoga', 'yogi']",0
laurensveganuniversity,"['friendsnotfood', 'healthy', 'plantbased', 'rawfood', 'vegan', 'veganism', 'veganlife', 'veganlove', 'vegano', 'vegans', 'vegans of tumblr', 'vegansofinstagram', 'vegetarian']",0
yellowpaintedlife,"['pasta', 'vegan']",0
mollyrosebalms,"['beauty', 'christmas', 'christmasgiftguide', 'christmasgiftideas', 'christmasshopping', 'coupon', 'crueltyfree', 'gift', 'gifts', 'holiday', 'holidaygiftguide', 'holidaygifts', 'holidays', 'lipbalm', 'natural', 'onlineshopping', 'organic', 'presents', 'pumpkinpie', 'sale', 'shopping', 'shopsmall', 'thanksgiving', 'vegan', 'veganchristmas', 'veganholiday', 'veganthanksgiving', 'xmas']",0
vegankween,"['V MAD', 'personal', 'vegan', 'veganism']",9
iscreamnails,"['crueltyfree', 'iscreamnails', 'nailart', 'nailpolish', 'nails', 'notd', 'vegan']",1
healthyanddelish,"['chickpea flour', 'delish', 'vegan', 'vegan omelette', 'vegan protein']",0
dreamstreamss,"['i need vegan friends', 'vegan']",0
sweetsimplevegan,"['bestofvegan', 'sweetsimplevegan', 'vegan', 'veganburger', 'veganfoodshare']",2
runningonsmoothies,"['hopper', 'larsonland', 'minnah', 'my food', 'my workouts', 'vegan']",8
misskreatorblog,"['backtoreallife', 'idigitaldetoxisoverdueagain', 'kreator', 'repost', 'sorrynoquote', 'vegan']",0
magpiemirror-blog,"['keepitreal', 'veganfoodshare', 'vegan', 'lazycook', 'producebox', 'plantbased', 'veganfortheanimals', 'farmersmarket', 'veganofig', 'durhamfarmersmarket', 'keepitsimple', 'plantshaveprotein']",0
galanyancy,"['vmotd', 'vegan', 'vegatarian', 'himcancooktoo', 'fit4life', 'healthiereating', 'yancyified']",0
gorilla-picnic,"['vegan', 'health', 'natural remedy', 'ginger', 'herbal remedy', 'gardening', 'plants']",0
cookingwithque,"['daiya', 'eattolive', 'detroit', 'chef', 'vegan', 'curator', 'blogger', 'plantbased', 'whathealthylookslike', 'healthy', 'cookingwithque', 'foodie', 'meateater', 'veganmacncheez', 'organic']",0
fdance,"['macandcheese', 'yum', 'cheesyaf', 'vegan', 'greenchiles', 'sogood']",0
empathic-heathen,"['vegan', 'health', 'healthyfood', 'yum']",0
rayourhighness,"['high', 'vegan', 'syh', '420', 'smileyourehigh']",0
xomodelmelissa,"['eco', 'ecofashion', 'plantatree', 'vegan']",0
christinelovespaleo,"['dairyfree', 'drink', 'foodphotography', 'glutenfree', 'greensmoothie', 'healthy', 'ichristineme', 'inmygarden', 'liquidlunch', 'natural', 'noaddedsugar', 'paleo', 'refinedsugarfree', 'smoothie', 'vegan']",0
hikinghippiehemps,"['crystalhealing', 'crystals', 'handmade', 'healing', 'hemp', 'hempjewelry', 'hippie', 'hippy', 'lapislazuli', 'shopsmall', 'smallbusiness', 'vegan', 'yoga', 'yogi']",0
laurensveganuniversity,"['friendsnotfood', 'healthy', 'plantbased', 'rawfood', 'vegan', 'veganism', 'veganlife', 'veganlove', 'vegano', 'vegans', 'vegans of tumblr', 'vegansofinstagram', 'vegetarian']",0
yellowpaintedlife,"['pasta', 'vegan']",0
mollyrosebalms,"['beauty', 'christmas', 'christmasgiftguide', 'christmasgiftideas', 'christmasshopping', 'coupon', 'crueltyfree', 'gift', 'gifts', 'holiday', 'holidaygiftguide', 'holidaygifts', 'holidays', 'lipbalm', 'natural', 'onlineshopping', 'organic', 'presents', 'pumpkinpie', 'sale', 'shopping', 'shopsmall', 'thanksgiving', 'vegan', 'veganchristmas', 'veganholiday', 'veganthanksgiving', 'xmas']",0
vegankween,"['V MAD', 'personal', 'vegan', 'veganism']",9
iscreamnails,"['crueltyfree', 'iscreamnails', 'nailart', 'nailpolish', 'nails', 'notd', 'vegan']",1
healthyanddelish,"['chickpea flour', 'delish', 'vegan', 'vegan omelette', 'vegan protein']",0
dreamstreamss,"['i need vegan friends', 'vegan']",0
sweetsimplevegan,"['bestofvegan', 'sweetsimplevegan', 'vegan', 'veganburger', 'veganfoodshare']",2
runningonsmoothies,"['hopper', 'larsonland', 'minnah', 'my food', 'my workouts', 'vegan']",8
misskreatorblog,"['backtoreallife', 'idigitaldetoxisoverdueagain', 'kreator', 'repost', 'sorrynoquote', 'vegan']",0
magpiemirror-blog,"['durhamfarmersmarket', 'farmersmarket', 'keepitreal', 'keepitsimple', 'lazycook', 'plantbased', 'plantshaveprotein', 'producebox', 'vegan', 'veganfoodshare', 'veganfortheanimals', 'veganofig']",0
galanyancy,"['vmotd', 'vegan', 'vegatarian', 'himcancooktoo', 'fit4life', 'healthiereating', 'yancyified']",0
gorilla-picnic,"['vegan', 'health', 'natural remedy', 'ginger', 'herbal remedy', 'gardening', 'plants']",0
cookingwithque,"['daiya', 'eattolive', 'detroit', 'chef', 'vegan', 'curator', 'blogger', 'plantbased', 'whathealthylookslike', 'healthy', 'cookingwithque', 'foodie', 'meateater', 'veganmacncheez', 'organic']",0
fdance,"['macandcheese', 'yum', 'cheesyaf', 'vegan', 'greenchiles', 'sogood']",0
empathic-heathen,"['vegan', 'health', 'healthyfood', 'yum']",0
rayourhighness,"['high', 'vegan', 'syh', '420', 'smileyourehigh']",0
xomodelmelissa,"['eco', 'ecofashion', 'plantatree', 'vegan']",0
christinelovespaleo,"['dairyfree', 'drink', 'foodphotography', 'glutenfree', 'greensmoothie', 'healthy', 'ichristineme', 'inmygarden', 'liquidlunch', 'natural', 'noaddedsugar', 'paleo', 'refinedsugarfree', 'smoothie', 'vegan']",0
hikinghippiehemps,"['crystalhealing', 'crystals', 'handmade', 'healing', 'hemp', 'hempjewelry', 'hippie', 'hippy', 'lapislazuli', 'shopsmall', 'smallbusiness', 'vegan', 'yoga', 'yogi']",0
laurensveganuniversity,"['friendsnotfood', 'healthy', 'plantbased', 'rawfood', 'vegan', 'veganism', 'veganlife', 'veganlove', 'vegano', 'vegans', 'vegans of tumblr', 'vegansofinstagram', 'vegetarian']",0
yellowpaintedlife,"['pasta', 'vegan']",0
mollyrosebalms,"['beauty', 'christmas', 'christmasgiftguide', 'christmasgiftideas', 'christmasshopping', 'coupon', 'crueltyfree', 'gift', 'gifts', 'holiday', 'holidaygiftguide', 'holidaygifts', 'holidays', 'lipbalm', 'natural', 'onlineshopping', 'organic', 'presents', 'pumpkinpie', 'sale', 'shopping', 'shopsmall', 'thanksgiving', 'vegan', 'veganchristmas', 'veganholiday', 'veganthanksgiving', 'xmas']",0
vegankween,"['V MAD', 'personal', 'vegan', 'veganism']",9
iscreamnails,"['crueltyfree', 'iscreamnails', 'nailart', 'nailpolish', 'nails', 'notd', 'vegan']",1
healthyanddelish,"['chickpea flour', 'delish', 'vegan', 'vegan omelette', 'vegan protein']",0
dreamstreamss,"['i need vegan friends', 'vegan']",0
sweetsimplevegan,"['bestofvegan', 'sweetsimplevegan', 'vegan', 'veganburger', 'veganfoodshare']",2
runningonsmoothies,"['hopper', 'larsonland', 'minnah', 'my food', 'my workouts', 'vegan']",8
misskreatorblog,"['backtoreallife', 'idigitaldetoxisoverdueagain', 'kreator', 'repost', 'sorrynoquote', 'vegan']",0
magpiemirror-blog,"['durhamfarmersmarket', 'farmersmarket', 'keepitreal', 'keepitsimple', 'lazycook', 'plantbased', 'plantshaveprotein', 'producebox', 'vegan', 'veganfoodshare', 'veganfortheanimals', 'veganofig']",0
galanyancy,"['fit4life', 'healthiereating', 'himcancooktoo', 'vegan', 'vegatarian', 'vmotd', 'yancyified']",0
gorilla-picnic,"['vegan', 'health', 'natural remedy', 'ginger', 'herbal remedy', 'gardening', 'plants']",0
cookingwithque,"['daiya', 'eattolive', 'detroit', 'chef', 'vegan', 'curator', 'blogger', 'plantbased', 'whathealthylookslike', 'healthy', 'cookingwithque', 'foodie', 'meateater', 'veganmacncheez', 'organic']",0
fdance,"['macandcheese', 'yum', 'cheesyaf', 'vegan', 'greenchiles', 'sogood']",0
empathic-heathen,"['vegan', 'health', 'healthyfood', 'yum']",0
rayourhighness,"['high', 'vegan', 'syh', '420', 'smileyourehigh']",0
xomodelmelissa,"['eco', 'ecofashion', 'plantatree', 'vegan']",0
christinelovespaleo,"['dairyfree', 'drink', 'foodphotography', 'glutenfree', 'greensmoothie', 'healthy', 'ichristineme', 'inmygarden', 'liquidlunch', 'natural', 'noaddedsugar', 'paleo', 'refinedsugarfree', 'smoothie', 'vegan']",0
hikinghippiehemps,"['crystalhealing', 'crystals', 'handmade', 'healing', 'hemp', 'hempjewelry', 'hippie', 'hippy', 'lapislazuli', 'shopsmall', 'smallbusiness', 'vegan', 'yoga', 'yogi']",0
laurensveganuniversity,"['friendsnotfood', 'healthy', 'plantbased', 'rawfood', 'vegan', 'veganism', 'veganlife', 'veganlove', 'vegano', 'vegans', 'vegans of tumblr', 'vegansofinstagram', 'vegetarian']",0
yellowpaintedlife,"['pasta', 'vegan']",0
mollyrosebalms,"['beauty', 'christmas', 'christmasgiftguide', 'christmasgiftideas', 'christmasshopping', 'coupon', 'crueltyfree', 'gift', 'gifts', 'holiday', 'holidaygiftguide', 'holidaygifts', 'holidays', 'lipbalm', 'natural', 'onlineshopping', 'organic', 'presents', 'pumpkinpie', 'sale', 'shopping', 'shopsmall', 'thanksgiving', 'vegan', 'veganchristmas', 'veganholiday', 'veganthanksgiving', 'xmas']",0
vegankween,"['V MAD', 'personal', 'vegan', 'veganism']",9
iscreamnails,"['crueltyfree', 'iscreamnails', 'nailart', 'nailpolish', 'nails', 'notd', 'vegan']",1
healthyanddelish,"['chickpea flour', 'delish', 'vegan', 'vegan omelette', 'vegan protein']",0
dreamstreamss,"['i need vegan friends', 'vegan']",0
sweetsimplevegan,"['bestofvegan', 'sweetsimplevegan', 'vegan', 'veganburger', 'veganfoodshare']",2
runningonsmoothies,"['hopper', 'larsonland', 'minnah', 'my food', 'my workouts', 'vegan']",8
misskreatorblog,"['backtoreallife', 'idigitaldetoxisoverdueagain', 'kreator', 'repost', 'sorrynoquote', 'vegan']",0
magpiemirror-blog,"['durhamfarmersmarket', 'farmersmarket', 'keepitreal', 'keepitsimple', 'lazycook', 'plantbased', 'plantshaveprotein', 'producebox', 'vegan', 'veganfoodshare', 'veganfortheanimals', 'veganofig']",0
galanyancy,"['fit4life', 'healthiereating', 'himcancooktoo', 'vegan', 'vegatarian', 'vmotd', 'yancyified']",0
gorilla-picnic,"['gardening', 'ginger', 'health', 'herbal remedy', 'natural remedy', 'plants', 'vegan']",0
cookingwithque,"['daiya', 'eattolive', 'detroit', 'chef', 'vegan', 'curator', 'blogger', 'plantbased', 'whathealthylookslike', 'healthy', 'cookingwithque', 'foodie', 'meateater', 'veganmacncheez', 'organic']",0
fdance,"['macandcheese', 'yum', 'cheesyaf', 'vegan', 'greenchiles', 'sogood']",0
empathic-heathen,"['vegan', 'health', 'healthyfood', 'yum']",0
rayourhighness,"['high', 'vegan', 'syh', '420', 'smileyourehigh']",0
xomodelmelissa,"['eco', 'ecofashion', 'plantatree', 'vegan']",0
christinelovespaleo,"['dairyfree', 'drink', 'foodphotography', 'glutenfree', 'greensmoothie', 'healthy', 'ichristineme', 'inmygarden', 'liquidlunch', 'natural', 'noaddedsugar', 'paleo', 'refinedsugarfree', 'smoothie', 'vegan']",0
hikinghippiehemps,"['crystalhealing', 'crystals', 'handmade', 'healing', 'hemp', 'hempjewelry', 'hippie', 'hippy', 'lapislazuli', 'shopsmall', 'smallbusiness', 'vegan', 'yoga', 'yogi']",0
laurensveganuniversity,"['friendsnotfood', 'healthy', 'plantbased', 'rawfood', 'vegan', 'veganism', 'veganlife', 'veganlove', 'vegano', 'vegans', 'vegans of tumblr', 'vegansofinstagram', 'vegetarian']",0
yellowpaintedlife,"['pasta', 'vegan']",0
mollyrosebalms,"['beauty', 'christmas', 'christmasgiftguide', 'christmasgiftideas', 'christmasshopping', 'coupon', 'crueltyfree', 'gift', 'gifts', 'holiday', 'holidaygiftguide', 'holidaygifts', 'holidays', 'lipbalm', 'natural', 'onlineshopping', 'organic', 'presents', 'pumpkinpie', 'sale', 'shopping', 'shopsmall', 'thanksgiving', 'vegan', 'veganchristmas', 'veganholiday', 'veganthanksgiving', 'xmas']",0
vegankween,"['V MAD', 'personal', 'vegan', 'veganism']",9
iscreamnails,"['crueltyfree', 'iscreamnails', 'nailart', 'nailpolish', 'nails', 'notd', 'vegan']",1
healthyanddelish,"['chickpea flour', 'delish', 'vegan', 'vegan omelette', 'vegan protein']",0
dreamstreamss,"['i need vegan friends', 'vegan']",0
sweetsimplevegan,"['bestofvegan', 'sweetsimplevegan', 'vegan', 'veganburger', 'veganfoodshare']",2
runningonsmoothies,"['hopper', 'larsonland', 'minnah', 'my food', 'my workouts', 'vegan']",8
misskreatorblog,"['backtoreallife', 'idigitaldetoxisoverdueagain', 'kreator', 'repost', 'sorrynoquote', 'vegan']",0
magpiemirror-blog,"['durhamfarmersmarket', 'farmersmarket', 'keepitreal', 'keepitsimple', 'lazycook', 'plantbased', 'plantshaveprotein', 'producebox', 'vegan', 'veganfoodshare', 'veganfortheanimals', 'veganofig']",0
galanyancy,"['fit4life', 'healthiereating', 'himcancooktoo', 'vegan', 'vegatarian', 'vmotd', 'yancyified']",0
gorilla-picnic,"['gardening', 'ginger', 'health', 'herbal remedy', 'natural remedy', 'plants', 'vegan']",0
cookingwithque,"['blogger', 'chef', 'cookingwithque', 'curator', 'daiya', 'detroit', 'eattolive', 'foodie', 'healthy', 'meateater', 'organic', 'plantbased', 'vegan', 'veganmacncheez', 'whathealthylookslike']",0
fdance,"['macandcheese', 'yum', 'cheesyaf', 'vegan', 'greenchiles', 'sogood']",0
empathic-heathen,"['vegan', 'health', 'healthyfood', 'yum']",0
rayourhighness,"['high', 'vegan', 'syh', '420', 'smileyourehigh']",0
xomodelmelissa,"['eco', 'ecofashion', 'plantatree', 'vegan']",0
christinelovespaleo,"['dairyfree', 'drink', 'foodphotography', 'glutenfree', 'greensmoothie', 'healthy', 'ichristineme', 'inmygarden', 'liquidlunch', 'natural', 'noaddedsugar', 'paleo', 'refinedsugarfree', 'smoothie', 'vegan']",0
hikinghippiehemps,"['crystalhealing', 'crystals', 'handmade', 'healing', 'hemp', 'hempjewelry', 'hippie', 'hippy', 'lapislazuli', 'shopsmall', 'smallbusiness', 'vegan', 'yoga', 'yogi']",0
laurensveganuniversity,"['friendsnotfood', 'healthy', 'plantbased', 'rawfood', 'vegan', 'veganism', 'veganlife', 'veganlove', 'vegano', 'vegans', 'vegans of tumblr', 'vegansofinstagram', 'vegetarian']",0
yellowpaintedlife,"['pasta', 'vegan']",0
mollyrosebalms,"['beauty', 'christmas', 'christmasgiftguide', 'christmasgiftideas', 'christmasshopping', 'coupon', 'crueltyfree', 'gift', 'gifts', 'holiday', 'holidaygiftguide', 'holidaygifts', 'holidays', 'lipbalm', 'natural', 'onlineshopping', 'organic', 'presents', 'pumpkinpie', 'sale', 'shopping', 'shopsmall', 'thanksgiving', 'vegan', 'veganchristmas', 'veganholiday', 'veganthanksgiving', 'xmas']",0
vegankween,"['V MAD', 'personal', 'vegan', 'veganism']",9
iscreamnails,"['crueltyfree', 'iscreamnails', 'nailart', 'nailpolish', 'nails', 'notd', 'vegan']",1
healthyanddelish,"['chickpea flour', 'delish', 'vegan', 'vegan omelette', 'vegan protein']",0
dreamstreamss,"['i need vegan friends', 'vegan']",0
sweetsimplevegan,"['bestofvegan', 'sweetsimplevegan', 'vegan', 'veganburger', 'veganfoodshare']",2
runningonsmoothies,"['hopper', 'larsonland', 'minnah', 'my food', 'my workouts', 'vegan']",8
misskreatorblog,"['backtoreallife', 'idigitaldetoxisoverdueagain', 'kreator', 'repost', 'sorrynoquote', 'vegan']",0
magpiemirror-blog,"['durhamfarmersmarket', 'farmersmarket', 'keepitreal', 'keepitsimple', 'lazycook', 'plantbased', 'plantshaveprotein', 'producebox', 'vegan', 'veganfoodshare', 'veganfortheanimals', 'veganofig']",0
galanyancy,"['fit4life', 'healthiereating', 'himcancooktoo', 'vegan', 'vegatarian', 'vmotd', 'yancyified']",0
gorilla-picnic,"['gardening', 'ginger', 'health', 'herbal remedy', 'natural remedy', 'plants', 'vegan']",0
cookingwithque,"['blogger', 'chef', 'cookingwithque', 'curator', 'daiya', 'detroit', 'eattolive', 'foodie', 'healthy', 'meateater', 'organic', 'plantbased', 'vegan', 'veganmacncheez', 'whathealthylookslike']",0
fdance,"['cheesyaf', 'greenchiles', 'macandcheese', 'sogood', 'vegan', 'yum']",0
empathic-heathen,"['vegan', 'health', 'healthyfood', 'yum']",0
rayourhighness,"['high', 'vegan', 'syh', '420', 'smileyourehigh']",0
xomodelmelissa,"['eco', 'ecofashion', 'plantatree', 'vegan']",0
christinelovespaleo,"['dairyfree', 'drink', 'foodphotography', 'glutenfree', 'greensmoothie', 'healthy', 'ichristineme', 'inmygarden', 'liquidlunch', 'natural', 'noaddedsugar', 'paleo', 'refinedsugarfree', 'smoothie', 'vegan']",0
hikinghippiehemps,"['crystalhealing', 'crystals', 'handmade', 'healing', 'hemp', 'hempjewelry', 'hippie', 'hippy', 'lapislazuli', 'shopsmall', 'smallbusiness', 'vegan', 'yoga', 'yogi']",0
laurensveganuniversity,"['friendsnotfood', 'healthy', 'plantbased', 'rawfood', 'vegan', 'veganism', 'veganlife', 'veganlove', 'vegano', 'vegans', 'vegans of tumblr', 'vegansofinstagram', 'vegetarian']",0
yellowpaintedlife,"['pasta', 'vegan']",0
mollyrosebalms,"['beauty', 'christmas', 'christmasgiftguide', 'christmasgiftideas', 'christmasshopping', 'coupon', 'crueltyfree', 'gift', 'gifts', 'holiday', 'holidaygiftguide', 'holidaygifts', 'holidays', 'lipbalm', 'natural', 'onlineshopping', 'organic', 'presents', 'pumpkinpie', 'sale', 'shopping', 'shopsmall', 'thanksgiving', 'vegan', 'veganchristmas', 'veganholiday', 'veganthanksgiving', 'xmas']",0
vegankween,"['V MAD', 'personal', 'vegan', 'veganism']",9
iscreamnails,"['crueltyfree', 'iscreamnails', 'nailart', 'nailpolish', 'nails', 'notd', 'vegan']",1
healthyanddelish,"['chickpea flour', 'delish', 'vegan', 'vegan omelette', 'vegan protein']",0
dreamstreamss,"['i need vegan friends', 'vegan']",0
sweetsimplevegan,"['bestofvegan', 'sweetsimplevegan', 'vegan', 'veganburger', 'veganfoodshare']",2
runningonsmoothies,"['hopper', 'larsonland', 'minnah', 'my food', 'my workouts', 'vegan']",8
misskreatorblog,"['backtoreallife', 'idigitaldetoxisoverdueagain', 'kreator', 'repost', 'sorrynoquote', 'vegan']",0
magpiemirror-blog,"['durhamfarmersmarket', 'farmersmarket', 'keepitreal', 'keepitsimple', 'lazycook', 'plantbased', 'plantshaveprotein', 'producebox', 'vegan', 'veganfoodshare', 'veganfortheanimals', 'veganofig']",0
galanyancy,"['fit4life', 'healthiereating', 'himcancooktoo', 'vegan', 'vegatarian', 'vmotd', 'yancyified']",0
gorilla-picnic,"['gardening', 'ginger', 'health', 'herbal remedy', 'natural remedy', 'plants', 'vegan']",0
cookingwithque,"['blogger', 'chef', 'cookingwithque', 'curator', 'daiya', 'detroit', 'eattolive', 'foodie', 'healthy', 'meateater', 'organic', 'plantbased', 'vegan', 'veganmacncheez', 'whathealthylookslike']",0
fdance,"['cheesyaf', 'greenchiles', 'macandcheese', 'sogood', 'vegan', 'yum']",0
empathic-heathen,"['health', 'healthyfood', 'vegan', 'yum']",0
rayourhighness,"['high', 'vegan', 'syh', '420', 'smileyourehigh']",0
xomodelmelissa,"['eco', 'ecofashion', 'plantatree', 'vegan']",0
christinelovespaleo,"['dairyfree', 'drink', 'foodphotography', 'glutenfree', 'greensmoothie', 'healthy', 'ichristineme', 'inmygarden', 'liquidlunch', 'natural', 'noaddedsugar', 'paleo', 'refinedsugarfree', 'smoothie', 'vegan']",0
hikinghippiehemps,"['crystalhealing', 'crystals', 'handmade', 'healing', 'hemp', 'hempjewelry', 'hippie', 'hippy', 'lapislazuli', 'shopsmall', 'smallbusiness', 'vegan', 'yoga', 'yogi']",0
laurensveganuniversity,"['friendsnotfood', 'healthy', 'plantbased', 'rawfood', 'vegan', 'veganism', 'veganlife', 'veganlove', 'vegano', 'vegans', 'vegans of tumblr', 'vegansofinstagram', 'vegetarian']",0
yellowpaintedlife,"['pasta', 'vegan']",0
mollyrosebalms,"['beauty', 'christmas', 'christmasgiftguide', 'christmasgiftideas', 'christmasshopping', 'coupon', 'crueltyfree', 'gift', 'gifts', 'holiday', 'holidaygiftguide', 'holidaygifts', 'holidays', 'lipbalm', 'natural', 'onlineshopping', 'organic', 'presents', 'pumpkinpie', 'sale', 'shopping', 'shopsmall', 'thanksgiving', 'vegan', 'veganchristmas', 'veganholiday', 'veganthanksgiving', 'xmas']",0
vegankween,"['V MAD', 'personal', 'vegan', 'veganism']",9
iscreamnails,"['crueltyfree', 'iscreamnails', 'nailart', 'nailpolish', 'nails', 'notd', 'vegan']",1
healthyanddelish,"['chickpea flour', 'delish', 'vegan', 'vegan omelette', 'vegan protein']",0
dreamstreamss,"['i need vegan friends', 'vegan']",0
sweetsimplevegan,"['bestofvegan', 'sweetsimplevegan', 'vegan', 'veganburger', 'veganfoodshare']",2
runningonsmoothies,"['hopper', 'larsonland', 'minnah', 'my food', 'my workouts', 'vegan']",8
misskreatorblog,"['backtoreallife', 'idigitaldetoxisoverdueagain', 'kreator', 'repost', 'sorrynoquote', 'vegan']",0
magpiemirror-blog,"['durhamfarmersmarket', 'farmersmarket', 'keepitreal', 'keepitsimple', 'lazycook', 'plantbased', 'plantshaveprotein', 'producebox', 'vegan', 'veganfoodshare', 'veganfortheanimals', 'veganofig']",0
galanyancy,"['fit4life', 'healthiereating', 'himcancooktoo', 'vegan', 'vegatarian', 'vmotd', 'yancyified']",0
gorilla-picnic,"['gardening', 'ginger', 'health', 'herbal remedy', 'natural remedy', 'plants', 'vegan']",0
cookingwithque,"['blogger', 'chef', 'cookingwithque', 'curator', 'daiya', 'detroit', 'eattolive', 'foodie', 'healthy', 'meateater', 'organic', 'plantbased', 'vegan', 'veganmacncheez', 'whathealthylookslike']",0
fdance,"['cheesyaf', 'greenchiles', 'macandcheese', 'sogood', 'vegan', 'yum']",0
empathic-heathen,"['health', 'healthyfood', 'vegan', 'yum']",0
rayourhighness,"['420', 'high', 'smileyourehigh', 'syh', 'vegan']",0
